"water_year","flux_kgy","flow_m3y","tp_mgl","RSQ","p.value","RMSE"
2008,17124.2092914637,381608698.332067,0.54,96.6744124144187,0,0.214507534248768
2009,65063.7378051615,135572090.701653,0.541363636363636,96.6744124144187,0,0.214507534248768
2010,66770.5824214097,130938276.618515,0.560909090909091,96.6744124144187,0,0.214507534248768
2011,143683.142380472,291235459.782783,0.5425,96.6744124144187,0,0.214507534248768
2012,11782.0270695607,754990971.739091,0.52,96.6744124144187,0,0.214507534248768
