"water_year","flux_kgy","flow_m3y","tp_mgl","RSQ","p.value","RMSE"
2011,156.873018003792,3069182.59044325,0.152857142857143,93.4044727558648,0,0.308411429670197
2012,138.680397071818,1129986.6784643,0.139285714285714,93.4044727558648,0,0.308411429670197
2013,124.318910925365,1039696.74380695,0.132307692307692,93.4044727558648,0,0.308411429670197
2014,113.683690763164,975718.79329266,0.167142857142857,93.4044727558648,0,0.308411429670197
2015,103.797602746066,956499.408815157,0.1275,93.4044727558648,0,0.308411429670197
