"water_year","flux_kgy","flow_m3y","tp_mgl","RSQ","p.value","RMSE"
2010,24209.2129783319,9015361.04220074,3.4362,79.7308251484815,2.11797246407741e-12,0.505724400061054
2011,85920.8558718906,31585290.2921397,1.67277777777778,79.7308251484815,2.11797246407741e-12,0.505724400061054
2012,59312.7398745212,6149501.05672579,2.02628571428571,79.7308251484815,2.11797246407741e-12,0.505724400061054
2013,55711.2637057356,3205992.59479627,3.52855555555556,79.7308251484815,2.11797246407741e-12,0.505724400061054
2014,51228.5769069502,2297493.68176734,5.44875,79.7308251484815,2.11797246407741e-12,0.505724400061054
