"water_year","flux_kgy","flow_m3y","tp_mgl","RSQ","p.value","RMSE"
2008,5660.09322346956,10992405.6740405,0.0287916666666667,96.8091799822224,0,0.187342929396265
2009,6674.63025886971,8493042.34857737,0.032775,96.8091799822224,0,0.187342929396265
2010,7309.32543022559,13209061.3700436,0.0342916666666667,96.8091799822224,0,0.187342929396265
2011,6708.53190087349,14630521.7619671,0.0347181818181818,96.8091799822224,0,0.187342929396265
2012,5824.66527206751,14125028.6720767,0.0295,96.8091799822224,0,0.187342929396265
