water_year,flux_kgy,flow_m3y,tn_mgl,RSQ,p.value,RMSE
2006,2234.390782,18559657.3,0.148181818,91.31160127,0,0.372139713
2007,1534.569959,10860838.16,0.147083333,91.31160127,0,0.372139713
2008,1571.753614,11224962.13,0.166363636,91.31160127,0,0.372139713
2009,1943.265597,14032823.36,0.14625,91.31160127,0,0.372139713
2010,1488.912257,10556973.48,0.121666667,91.31160127,0,0.372139713
2011,1202.154579,8461236.866,0.1345,91.31160127,0,0.372139713
2012,2191.686615,15845627.54,0.16,91.31160127,0,0.372139713
2013,1218.894624,8486191.937,0.154444444,91.31160127,0,0.372139713
2014,1351.773665,14405731.4,0.124285714,91.31160127,0,0.372139713
