"water_year","flux_kgy","flow_m3y","tp_mgl","RSQ","p.value","RMSE"
2011,1314.25527141904,494477264.776612,0.006625,92.7211566849355,0,0.488145543417153
2012,1165.74815682355,159123239.450615,0.00753125,92.7211566849355,0,0.488145543417153
2013,793.158025326564,109816642.986492,0.00857142857142857,92.7211566849355,0,0.488145543417153
2014,1517.37530798019,204546988.144744,0.00453846153846154,92.7211566849355,0,0.488145543417153
2015,921.176358115245,143409407.102248,0.00753846153846154,92.7211566849355,0,0.488145543417153
