"water_year","flux_kgy","flow_m3y","tp_mgl","RSQ","p.value","RMSE"
2012,181.586012815792,1577190.65428923,0.258333333333333,81.3451706653172,8.49600924945904e-07,0.556019368302557
2013,165.641562188108,1497490.41751496,0.215454545454545,81.3451706653172,8.49600924945904e-07,0.556019368302557
