"water_year","flux_kgy","flow_m3y","tp_mgl","RSQ","p.value","RMSE"
2008,3758.19957547697,555222796.071675,0.0883333333333333,92.4849075382488,0,0.338441770274605
2009,18120.8314444321,372319866.511063,0.0503809523809524,92.4849075382488,0,0.338441770274605
2010,15622.556462975,285826081.251728,0.0494347826086957,92.4849075382488,0,0.338441770274605
2011,26602.5066769067,570022743.190166,0.0481363636363636,92.4849075382488,0,0.338441770274605
2012,1562.58010649171,754990971.739091,0.065,92.4849075382488,0,0.338441770274605
