"water_year","flux_kgy","flow_m3y","tp_mgl","RSQ","p.value","RMSE"
2003,1640.92465624677,883556.854925609,2.7780540625,98.9823090306469,0,0.106050114808517
2004,2399.81995841547,881727.778082672,3.1996971875,98.9823090306469,0,0.106050114808517
2005,2423.05021159326,893000.0741,NA,98.9823090306469,0,0.106050114808517
2006,1600.25527277238,878169.191812084,3.7925,98.9823090306469,0,0.106050114808517
