"water_year","flux_kgy","flow_m3y","tp_mgl","RSQ","p.value","RMSE"
2006,9681.12695212393,106920581.335901,0.172,59.9350202134614,2.93248758609366e-10,0.538466711813147
2007,8647.38497655997,23080993.6960532,0.29,59.9350202134614,2.93248758609366e-10,0.538466711813147
2008,7736.81913448762,19402012.5389158,0.874,59.9350202134614,2.93248758609366e-10,0.538466711813147
2009,4776.15158770524,7873080.10535288,0.284571428571429,59.9350202134614,2.93248758609366e-10,0.538466711813147
2010,5021.3657637482,15320456.0657923,0.199666666666667,59.9350202134614,2.93248758609366e-10,0.538466711813147
2011,13670.9839485839,67696745.3434164,0.212083333333333,59.9350202134614,2.93248758609366e-10,0.538466711813147
2012,3223.0249269145,22556729.7198297,0.234833333333333,59.9350202134614,2.93248758609366e-10,0.538466711813147
