"water_year","flux_kgy","flow_m3y","tp_mgl","RSQ","p.value","RMSE"
2008,3409.53403689936,77081540.5207563,0.0367,96.322183308841,0,0.305820801898518
2009,4312.06320491867,82571924.6599315,0.0481,96.322183308841,0,0.305820801898518
2010,19423.9761212787,123119021.175162,0.0692666666666667,96.322183308841,0,0.305820801898518
2011,9415.5883933812,139626066.380512,0.0467916666666667,96.322183308841,0,0.305820801898518
2012,3460.40621802024,95760383.6522884,0.0305833333333333,96.322183308841,0,0.305820801898518
