"water_year","flux_kgy","flow_m3y","tp_mgl","RSQ","p.value","RMSE"
2001,4556.62563419823,12760369.0363671,0.344333333333333,88.3645291177983,0,0.317591554462539
2002,9740.50690618984,24766684.2468885,0.380666666666667,88.3645291177983,0,0.317591554462539
2003,5023.56658051375,13196828.4923162,0.308409090909091,88.3645291177983,0,0.317591554462539
2004,6175.59408579002,16505862.0253729,0.385416666666667,88.3645291177983,0,0.317591554462539
2005,4344.28353568613,12426157.1954901,0.314833333333333,88.3645291177983,0,0.317591554462539
2006,7854.01852718196,21065015.4465781,0.331916666666667,88.3645291177983,0,0.317591554462539
2007,9457.41915848438,25520229.5148962,0.325583333333333,88.3645291177983,0,0.317591554462539
2008,6164.67988838123,19933908.7579153,0.269833333333333,88.3645291177983,0,0.317591554462539
2009,1726.45663742564,29915502.48235,0.257666666666667,88.3645291177983,0,0.317591554462539
