"water_year","flux_kgy","flow_m3y","tp_mgl","RSQ","p.value","RMSE"
2001,35325.8393087272,25904678.367302,1.80245,70.9716244137497,1.11022302462516e-16,0.534987485350988
2002,57757.7737479396,30029268.2452148,2.07883333333333,70.9716244137497,1.11022302462516e-16,0.534987485350988
2003,59559.926781949,29527720.2583915,2.0295,70.9716244137497,1.11022302462516e-16,0.534987485350988
2004,39325.6076580985,25282149.6388639,1.97975,70.9716244137497,1.11022302462516e-16,0.534987485350988
2005,19920.9905547423,23944634.8636074,1.15616666666667,70.9716244137497,1.11022302462516e-16,0.534987485350988
2006,17953.3327843269,33192690.4255197,0.830666666666667,70.9716244137497,1.11022302462516e-16,0.534987485350988
2007,-3.06210572320828e-07,893000.0741,NA,70.9716244137497,1.11022302462516e-16,0.534987485350988
2008,-3.068545427948e-07,893000.0741,NA,70.9716244137497,1.11022302462516e-16,0.534987485350988
2009,57280.7978409833,29995976.3262369,1.86620833333333,70.9716244137497,1.11022302462516e-16,0.534987485350988
