"water_year","flux_kgy","flow_m3y","tp_mgl","RSQ","p.value","RMSE"
2004,56.0354751350742,1889761.69527154,0.0471428571428571,80.3501251730408,9.71445146547012e-13,0.391633356781772
2005,53.88203725127,1268549.4203311,0.0223333333333333,80.3501251730408,9.71445146547012e-13,0.391633356781772
2006,44.6284916987991,1120531.59982959,0.03675,80.3501251730408,9.71445146547012e-13,0.391633356781772
2007,46.7566642013297,1395771.34869603,0.03,80.3501251730408,9.71445146547012e-13,0.391633356781772
2008,38.0405925358073,1187494.90727997,0.0233333333333333,80.3501251730408,9.71445146547012e-13,0.391633356781772
2009,33.969463792494,1191482.29064849,0.0216,80.3501251730408,9.71445146547012e-13,0.391633356781772
2010,28.3551813859725,1100958.99546575,0.029,80.3501251730408,9.71445146547012e-13,0.391633356781772
2011,11.0239727410387,1032285.62024893,0.02,80.3501251730408,9.71445146547012e-13,0.391633356781772
