"water_year","flux_kgy","flow_m3y","tp_mgl","RSQ","p.value","RMSE"
2001,3874.55306811978,15385193.3498143,0.275,93.1806322179731,8.68444760548925e-10,0.354216170044294
2002,7460.80523147176,18853311.1534647,0.2775,93.1806322179731,8.68444760548925e-10,0.354216170044294
2003,19941.2479551383,38374648.6388245,0.5425,93.1806322179731,8.68444760548925e-10,0.354216170044294
