"water_year","flux_kgy","flow_m3y","tp_mgl","RSQ","p.value","RMSE"
2004,2825.96982591149,1889761.69527154,1.03714285714286,94.354323678038,0,0.157625341120043
2005,3610.34559604693,1268549.4203311,0.846666666666667,94.354323678038,0,0.157625341120043
2006,3290.38132681562,1120531.59982959,0.8,94.354323678038,0,0.157625341120043
2007,3315.03461473271,1395771.34869603,0.8625,94.354323678038,0,0.157625341120043
2008,3000.35240847137,1187494.90727997,0.926666666666667,94.354323678038,0,0.157625341120043
2009,2823.14180429627,1191482.29064849,0.878,94.354323678038,0,0.157625341120043
2010,2600.60187402824,1100958.99546575,0.774333333333333,94.354323678038,0,0.157625341120043
2011,1179.48488802339,1032285.62024893,0.91,94.354323678038,0,0.157625341120043
