"water_year","flux_kgy","flow_m3y","tp_mgl","RSQ","p.value","RMSE"
2003,29.3679106078326,883556.854925609,0.06408,76.8112903386052,6.42762629787796e-08,0.475656802492865
2004,41.0962589346103,881630.182446158,0.0479335,76.8112903386052,6.42762629787796e-08,0.475656802492865
2005,41.4519640952488,893000.0741,NA,76.8112903386052,6.42762629787796e-08,0.475656802492865
2006,23.7824300026714,877236.316923399,0.09,76.8112903386052,6.42762629787796e-08,0.475656802492865
